{
  "alpha": 0.5,
  "temperature": 2.0,
  "val_loss": 0.32410557360202075,
  "val_accuracy": 0.8915,
  "val_f1": 0.8914999728749933
}